﻿<?xml version="1.0" encoding="UTF-8"?>
<QPUI>
	<StandardWin size="341,170" title="QQ安全中心" Bkimg="file='bluebase.png' drawgrid='10,10,10,10' mask='0' alpha='255'" bordersize="0" >
		<Label name="tipicon" pos="27,49,65,88" Bkimg="file='info_blue.png'" />
		<Label name="injecttitle" pos="82,49,330,69" font="2"  />
		<Label name="filelabel" pos="82,81,205,94" textcolor="#FF4E4E4E" />
		<LinkText name="openfilelink" linkfont="3" pos="218,81,278,94" textcolor="#FF1A7FE3"  />
		<Label name="dangerlabel" pos="82,102,340,116" textcolor="#FF4E4E4E"  />
		<CheckBox name="rememberbox" pos="12,143,230,160"  textoffset="20" />		
		<ImgButton name="scanbtn" img="file='qqmgricon.png' drawgrid='5,5,5,5' mask='0' alpha='255'" imgsize="15,16" pos="250,138,330,165"  />
	</StandardWin>
</QPUI>